,Epoch:,Cost:,Accuracy:
0,0,0.441203023758,125
1,1,0.418673866091,125
2,2,0.409671706263,124
3,3,0.402688984881,125
4,4,0.396995680346,126
