,Epoch:,Cost:,Accuracy:
0,0,0.384917926566,0
1,1,0.387278617711,0
