,Epoch:,Cost:,Accuracy:
0,0,0.397231101512,143
1,1,0.387850971922,146
